title,description,imgUrl,price,location
"Xiaomi Redmi 8 , (Used)","Dhaka, Mobile Phones",https://i.bikroy-st.com/xiaomi-redmi-8-used-for-sale-dhaka-4391/a6634413-8954-409a-a024-c51d0e02e481/142/107/cropped.jpg,"Tk 9,500",Dhaka
OPPO A5 2020 4+3/128GB (Used),"Dhaka, Mobile Phones",https://i.bikroy-st.com/oppo-a5-2020-43-128gb-used-for-sale-dhaka/3a5478d4-0256-47e7-a9d1-68b8cabd2bb9/142/107/cropped.jpg,"Tk 8,000",Dhaka
Nokia 6600 (Used),"Dhaka, Mobile Phones",https://i.bikroy-st.com/nokia-6600-used-for-sale-dhaka-53/9a8357b4-8e2f-43c4-bf7b-c1fc2ed3ecb0/142/107/cropped.jpg,"Tk 2,800",Dhaka
Xiaomi Redmi 4X . (Used),"Dhaka, Mobile Phones",https://i.bikroy-st.com/xiaomi-redmi-4x-1-used-for-sale-dhaka-5/e670d8ed-2a3e-4329-8953-3a7ff921690d/142/107/cropped.jpg,"Tk 3,000",Dhaka
Samsung Galaxy A51 . (Used),"Rajshahi, Mobile Phones",https://i.bikroy-st.com/samsung-galaxy-a51-used-for-sale-rajshahi-552/c98a4add-f044-4084-92f4-2aab5d3f8f77/142/107/cropped.jpg,"Tk 7,500",Rajshahi
Huawei Y7 . (Used),"Khulna, Mobile Phones",https://i.bikroy-st.com/huawei-y7-used-for-sale-khulna-168/512d48d4-4d0d-4fa4-961d-6a1a7020f9ee/142/107/cropped.jpg,"Tk 7,000",Khulna
"Xiaomi Redmi Note 8 Pro , (Used)","Dhaka Division, Mobile Phones",https://i.bikroy-st.com/xiaomi-redmi-note-8-pro-used-for-sale-dhaka-division-904/b40cb4fe-9515-47d2-b0b6-1eace649cb59/142/107/cropped.jpg,"Tk 9,500",Dhaka Division
OPPO A37 2/16 (Used),"Chattogram, Mobile Phones",https://i.bikroy-st.com/oppo-a37-2-16-used-for-sale-chattogram-13/49fa3f8b-8a43-4237-a830-85949deed37a/142/107/cropped.jpg,"Tk 3,200",Chattogram
i phn charger,"Dhaka Division, Mobile Phone Accessories",https://i.bikroy-st.com/i-phn-carjar-for-sale-dhaka-division/bd096aed-1bbe-46af-99f5-a74bc039abe3/142/107/cropped.jpg,Tk 800,Dhaka Division
‡¶∏‡¶ø‡¶Æ ‡¶Æ‡ßá‡¶Æ‡ßã‡¶∞‡¶ø ‡¶∏‡¶æ‡¶™‡ßã‡¶∞‡ßç‡¶ü‡ßá‡¶° ‡¶∏‡ßç‡¶Æ‡¶æ‡¶∞‡ßç‡¶ü ‡¶ì‡¶Ø‡¶º‡¶æ‡¶ö DZ09 Sim Memory Supported Smart Watch,"Chattogram Division, Wearables",https://i.bikroy-st.com/sim-memori-saaporttedd-smaartt-oyaac-dz09-sim-memory-supported-smart-watch-for-sale-chattogram-division-7/239a29b7-9ae3-48c8-bf38-8c951fcf6265/142/107/cropped.jpg,Tk 899,Chattogram Division
Samsung Galaxy A30 4/64 (Used),"Dhaka, Mobile Phones",https://i.bikroy-st.com/samsung-galaxy-a30-4-64-used-for-sale-dhaka-2337/72c4f16a-a164-4834-b99e-2584708a73d9/142/107/cropped.jpg,"Tk 6,000",Dhaka
Apple 20W original charger,"Dhaka Division, Mobile Phone Accessories",https://i.bikroy-st.com/apple-20w-original-charger-for-sale-dhaka-division-1/10305613-6038-4240-a97f-32a50503924c/142/107/cropped.jpg,"Tk 2,900",Dhaka Division
Realme Narzo 50i (Used),"Chattogram, Mobile Phones",https://i.bikroy-st.com/realme-narzo-50i-used-for-sale-chattogram-55/556b8e6a-29cc-4129-b321-2b1c39762d96/142/107/cropped.jpg,"Tk 9,000",Chattogram
Symphony i10 . (Used),"Rajshahi, Mobile Phones",https://i.bikroy-st.com/symphony-i10-aasl-used-for-sale-rajshahi-4/e6c73220-c2c0-4860-ac1a-1e3f2d440da2/142/107/cropped.jpg,"Tk 3,000",Rajshahi
Samrt Watch,"Mymensingh, Wearables",https://i.bikroy-st.com/samrt-watch-fresh-only-1-month-15-day-used-for-sale-mymensingh/536d8724-805f-4553-88df-8b2416469fc6/142/107/cropped.jpg,"Tk 1,800",Mymensingh
Samsung Galaxy A12 4/128 (Used),"Chattogram, Mobile Phones",https://i.bikroy-st.com/samsung-galaxy-a12-4-128-used-for-sale-chattogram-41/d999ed95-e416-4011-b6c5-7042e94a34d0/142/107/cropped.jpg,"Tk 8,500",Chattogram
Xiaomi Redmi 9C (Used),"Chattogram Division, Mobile Phones",https://i.bikroy-st.com/aamra-used-for-sale-chattogram-division-434/b38dfcba-d4f4-4c90-b857-6d7abfd553fd/142/107/cropped.jpg,"Tk 6,500",Chattogram Division
"Samsung Galaxy S21 FE 5G , (Used)","Dhaka, Mobile Phones",https://i.bikroy-st.com/samsung-galaxy-s21-fe-5g-used-for-sale-dhaka-283/c29051f4-041b-40ce-a4da-5bce614c9c18/142/107/cropped.jpg,"Tk 41,000",Dhaka
OnePlus 8 (Used),"Dhaka, Mobile Phones",https://i.bikroy-st.com/oneplus-8-new-for-sale-dhaka-71/274e7ce2-4768-4e00-a7e6-a0860f0e9a7a/142/107/cropped.jpg,"Tk 25,500",Dhaka
"Realme C15 Qualcomm Edition , (Used)","Rajshahi, Mobile Phones",https://i.bikroy-st.com/realme-c15-qualcomm-edition-aasl-used-for-sale-rajshahi/deeb61b3-955c-42e6-bc46-642f792f4fb7/142/107/cropped.jpg,"Tk 8,500",Rajshahi
Vivo Y91c 4G (Used),"Dhaka, Mobile Phones",https://i.bikroy-st.com/vivo-y91c-4g-used-for-sale-dhaka/cc02b421-effb-448e-82ae-3c1de6eb7913/142/107/cropped.jpg,"Tk 4,200",Dhaka
Xiaomi Poco X3 Pro 6/128 (Used),"Chattogram, Mobile Phones",https://i.bikroy-st.com/xiaomi-poco-x3-pro-6-128-used-for-sale-chattogram-268/09c7d8b5-bcae-47b8-af72-c807f96cea3a/142/107/cropped.jpg,"Tk 17,000",Chattogram
Samsung Guru Music 2 SM-B310E (Used),"Rangpur, Mobile Phones",https://i.bikroy-st.com/samsung-guru-music-2-sm-b310e-used-for-sale-rangpur-3/b840a5fc-f9a6-4184-9118-c2c4a1761bda/142/107/cropped.jpg,"Tk 1,500",Rangpur
"Xiaomi Redmi 5A , (Used)","Dhaka Division, Mobile Phones",https://i.bikroy-st.com/xiaomi-redmi-5a-2017-used-for-sale-dhaka-division-4/f121aa08-5282-460a-9745-439c90fe1172/142/107/cropped.jpg,"Tk 2,600",Dhaka Division
Realme 4+64 (Used),"Khulna Division, Mobile Phones",https://i.bikroy-st.com/464-used-for-sale-khulna-division/f199f27d-663a-4593-bc5f-584b6567bf70/142/107/cropped.jpg,"Tk 5,800",Khulna Division
"Samsung Galaxy S20 Plus , (Used)","Rajshahi Division, Mobile Phones",https://i.bikroy-st.com/samsung-galaxy-s20-plus-used-for-sale-rajshahi-division-44/c94aff81-eca7-45b1-9642-7867027c3eda/142/107/cropped.jpg,"Tk 25,000",Rajshahi Division
Smart Watch hw16,"Dhaka, Wearables",https://i.bikroy-st.com/smart-watch-hw16-for-sale-dhaka/4e99c2e2-1a3e-4fe6-9ea5-d9487dd8df2d/142/107/cropped.jpg,"Tk 2,000",Dhaka
OPPO A3s Good (Used),"Dhaka, Mobile Phones",https://i.bikroy-st.com/oppo-a3s-good-used-for-sale-dhaka-25/be1a20ab-fa38-439e-a486-f5767678e9ee/142/107/cropped.jpg,"Tk 8,000",Dhaka
Samsung Galaxy A52 4G (Used),"Dhaka, Mobile Phones",https://i.bikroy-st.com/samsung-galaxy-a52-4g-used-for-sale-dhaka-35/20c79ec1-b66c-4f05-b2bf-91d67eeff986/142/107/cropped.jpg,"Tk 19,000",Dhaka
Samsung Galaxy J3 . (Used),"Dhaka, Mobile Phones",https://i.bikroy-st.com/samsung-galaxy-j3-android-used-for-sale-dhaka-1/4609af57-8bb7-4c80-9cb5-d919903063ed/142/107/cropped.jpg,"Tk 3,000",Dhaka
Samsung Note 10+ 12/256 (Used),"Khulna Division, Mobile Phones",https://i.bikroy-st.com/samsung-note-10-12-256-full-fresh-used-for-sale-khulna-division-1/235c56a7-6982-45f8-801c-855b90baee81/142/107/cropped.jpg,"Tk 37,500",Khulna Division
"Samsung Galaxy A20s , (Used)","Dhaka, Mobile Phones",https://i.bikroy-st.com/samsung-galaxy-a20s-m-used-for-sale-dhaka/a344bb82-c99e-4455-a175-91c68309b9ed/142/107/cropped.jpg,"Tk 7,000",Dhaka
Samsung Galaxy A32 6/128 (Used),"Khulna, Mobile Phones",https://i.bikroy-st.com/samsung-galaxy-a32-6-128-used-for-sale-khulna-66/5614c963-992b-4ec0-a99c-38c643a04414/142/107/cropped.jpg,"Tk 9,800",Khulna
OPPO A17 k 3/64 (Used),"Rajshahi, Mobile Phones",https://i.bikroy-st.com/oppo-a17-k-3-63gb-ram-rom-used-for-sale-rajshahi-1/3a156601-9127-456f-a485-a522a08641c9/142/107/cropped.jpg,"Tk 8,500",Rajshahi
WS57 Infinite Display impoted from China,"Dhaka, Wearables",https://i.bikroy-st.com/ws57-infinite-display-impoted-from-china-for-sale-dhaka/6dec76d4-3c83-462f-9ea3-47f84095cfda/142/107/cropped.jpg,"Tk 1,000",Dhaka
Samsung Galaxy A90 5G_6/128 (Used),"Dhaka, Mobile Phones",https://i.bikroy-st.com/samsung-galaxy-a90-5g-6-128-used-for-sale-dhaka-17/d93d3ac9-d84a-4f82-a7aa-3e6402b0f4cd/142/107/cropped.jpg,"Tk 9,600",Dhaka
OnePlus Nord CE 3 Lite. 8/128gb (Used),"Dhaka, Mobile Phones",https://i.bikroy-st.com/oneplus-nord-ce-3-lite-8-128gb-used-for-sale-dhaka-2/1105d3da-2cc4-46af-b7c4-b4b33c6f1775/142/107/cropped.jpg,"Tk 22,500",Dhaka
Samsung Galaxy J2 . (Used),"Khulna, Mobile Phones",https://i.bikroy-st.com/samsung-galaxy-j2-puraaton-used-for-sale-khulna/6b930889-1f2b-4fea-90dc-1d424bf20150/142/107/cropped.jpg,"Tk 2,500",Khulna
Samsung Galaxy M02 ‡¶è‡¶ï‡¶¶‡¶Æ ‡¶®‡¶§‡ßÅ‡¶®‡ßá‡¶∞ ‡¶Æ‡¶§‡ßã (Used),"Rajshahi Division, Mobile Phones",https://i.bikroy-st.com/samsung-galaxy-m02-ekdm-ntuner-mto-used-for-sale-rajshahi-division/79a7dc01-5688-4728-8079-e9c7eb615830/142/107/cropped.jpg,"Tk 4,500",Rajshahi Division
OPPO A17 4/64gb (Used),"Rajshahi, Mobile Phones",https://i.bikroy-st.com/oppo-a17-4-64gb-indian-phone-used-for-sale-rajshahi-6/4cc8de2e-3d56-4710-be89-5963261deaa8/142/107/cropped.jpg,"Tk 9,999",Rajshahi
Xiaomi Redmi Note 7 . (Used),"Dhaka, Mobile Phones",https://i.bikroy-st.com/redmi-note-7-for-sale-dhaka-20/be9e0ab8-cc95-4d59-a9bf-1005e49f6b6e/142/107/cropped.jpg,"Tk 9,000",Dhaka
Apple iPhone 6 . (Used),"Sylhet, Mobile Phones",https://i.bikroy-st.com/apple-iphone-6-used-for-sale-sylhet-3057/db08b423-349a-4b21-9937-aa73eb0f7ae0/142/107/cropped.jpg,"Tk 4,500",Sylhet
Samsung Galaxy M20 . (Used),"Dhaka, Mobile Phones",https://i.bikroy-st.com/samsung-galaxy-m20-used-for-sale-dhaka-3386/898b5c3b-83fd-4bc0-9473-4a741214effa/142/107/cropped.jpg,"Tk 2,500",Dhaka
Apple iPhone 6 Mobile (Used),"Dhaka, Mobile Phones",https://i.bikroy-st.com/apple-iphone-6-i-phone-used-for-sale-dhaka-964/01c8d7c1-9536-4089-b7b5-1d787349b25a/142/107/cropped.jpg,"Tk 8,000",Dhaka
"Xiaomi Redmi 10 , (Used)","Barishal Division, Mobile Phones",https://i.bikroy-st.com/xiaomi-redmi-10-2023-used-for-sale-barishal-division/3a8a0f0d-656b-4f40-863f-ccf111f8ae89/142/107/cropped.jpg,"Tk 13,500",Barishal Division
Xiaomi Poco C3 Full Fresh (Used),"Dhaka, Mobile Phones",https://i.bikroy-st.com/xiaomi-poco-c3-full-fresh-used-for-sale-dhaka-6/cbcc969f-9ab4-46e1-9082-5d5ecd43c6fc/142/107/cropped.jpg,"Tk 8,000",Dhaka
Apple iPhone 6 Plus . (Used),"Dhaka, Mobile Phones",https://i.bikroy-st.com/apple-iphone-6-plus-full-farish-used-for-sale-dhaka-1/eabb41a3-0f9b-486e-bf99-3454489804f7/142/107/cropped.jpg,"Tk 12,000",Dhaka
Tecno phone (Used),"Khulna, Mobile Phones",https://i.bikroy-st.com/tecno-used-for-sale-khulna-564/7ae97df8-47c4-4a18-87f8-38aef2c09940/142/107/cropped.jpg,"Tk 2,500",Khulna
Walton Button Phone (Used),"Dhaka, Mobile Phones",https://i.bikroy-st.com/walton-used-for-sale-dhaka-3220/da386596-d57c-4145-b090-b7151f08336e/142/107/cropped.jpg,Tk 549,Dhaka
poco x3 pro motherboard need,"Dhaka Division, Mobile Phone Accessories",,,Dhaka Division
"Xiaomi Redmi 5A , (Used)","Dhaka Division, Mobile Phones",https://i.bikroy-st.com/xiaomi-redmi-5a-2bchr-bybhaar-hyyeche-used-for-sale-dhaka-division/1981f6d3-8096-44ed-a72a-b3cc13eaafb2/142/107/cropped.jpg,"Tk 3,000",Dhaka Division
Xiaomi Redmi Note 3 (Used),"Dhaka, Mobile Phones",https://i.bikroy-st.com/xiaomi-redmi-note-3-used-for-sale-dhaka-2996/308b12f2-a4b8-4873-8fef-9ca81eaf0ebc/142/107/cropped.jpg,"Tk 5,000",Dhaka
Samsung Galaxy On5 fresh fhn (Used),"Dhaka, Mobile Phones",https://i.bikroy-st.com/samsung-galaxy-on5-fresh-fhn-used-for-sale-dhaka/7730d765-ad15-4b0b-9710-56e9d9e47eca/142/107/cropped.jpg,"Tk 2,300",Dhaka
Realme C20 (Used),"Khulna, Mobile Phones",https://i.bikroy-st.com/realme-c20-used-for-sale-khulna-3/4e0ac451-87c5-4afc-a870-60daf72e4943/142/107/cropped.jpg,"Tk 6,000",Khulna
Oneplus Original 65 watt warp charger.,"Dhaka, Mobile Phone Accessories",https://i.bikroy-st.com/oneplus-original-65-watt-warp-charger-for-sale-dhaka/73d6173b-559b-445e-a74a-19fe93588989/142/107/cropped.jpg,"Tk 1,450",Dhaka
T800 ultra,"Mymensingh, Wearables",https://i.bikroy-st.com/t800-ultra-for-sale-mymensingh-2/f9cb36b3-27d4-4b0b-a5fb-57d75683b174/142/107/cropped.jpg,"Tk 1,200",Mymensingh
Samsung Galaxy A20 ‡¶´‡ßç‡¶∞‡ßá‡¶∏ ‡¶ï‡¶®‡ßç‡¶°‡¶ø‡¶∂‡¶® (Used),"Rajshahi Division, Mobile Phones",https://i.bikroy-st.com/samsung-galaxy-a20-phres-knddishn-used-for-sale-rajshahi-division/181837ec-d6f8-45f7-ac8a-9455260f8601/142/107/cropped.jpg,"Tk 5,500",Rajshahi Division
Realme C11 2gb/32gb (Used),"Dhaka, Mobile Phones",https://i.bikroy-st.com/realme-c11-2gb-32gb-used-for-sale-dhaka-105/e229d4cf-959c-4b50-b896-99c114af8ed2/142/107/cropped.jpg,"Tk 5,000",Dhaka
‡¶Æ‡ßã‡¶¨‡¶æ‡¶á‡¶≤ ‡¶ï‡¶ø‡¶®‡¶¨‡ßã,"Dhaka Division, Mobile Phones",,,Dhaka Division
Samsung Galaxy 5plus,"Dhaka, Wearables",https://i.bikroy-st.com/samsung-galaxy-5plus-for-sale-dhaka/cb206a02-9532-4d62-8f59-6ed03f56cdb0/142/107/cropped.jpg,"Tk 18,000",Dhaka
Vivo Y12s 12s 4/64 (Used),"Dhaka Division, Mobile Phones",https://i.bikroy-st.com/vivo-y12s-g12s-4-64-used-for-sale-dhaka-division/06e78949-db61-4677-ab87-91b822fbd278/142/107/cropped.jpg,"Tk 7,000",Dhaka Division
Samsung Galaxy A13 ram6/rom128 (Used),"Rajshahi, Mobile Phones",https://i.bikroy-st.com/samsung-galaxy-a13-ram6rom128-used-for-sale-rajshahi/6e77c879-5268-4fd7-92e8-6fa1f0abee82/142/107/cropped.jpg,"Tk 13,500",Rajshahi
OPPO F1s . (Used),"Dhaka Division, Mobile Phones",https://i.bikroy-st.com/oppo-f1s-new-used-for-sale-dhaka-division-1/d6fc54d0-0d0a-4e6b-a505-f2d97e26c2b9/142/107/cropped.jpg,"Tk 9,400",Dhaka Division
Apple iPhone XR 256gb (Used),"Dhaka, Mobile Phones",https://i.bikroy-st.com/apple-iphone-xr-256gb-used-for-sale-dhaka-95/9a77292f-a06c-4934-8feb-4279fd78c666/142/107/cropped.jpg,"Tk 26,000",Dhaka
Huawei Honor .. (Used),"Dhaka, Mobile Phones",https://i.bikroy-st.com/huawei-honor-x8-used-for-sale-dhaka-12/c3e34c15-d4e4-4dee-b8ac-bd13bad691b3/142/107/cropped.jpg,"Tk 9,999",Dhaka
Xiaomi Poco F2 Pro 8/256gb (Used),"Rajshahi, Mobile Phones",https://i.bikroy-st.com/xiaomi-poco-f2-pro-8-256gb-used-for-sale-rajshahi/e4f31486-acec-46bb-b2cc-5086b13fef2a/142/107/cropped.jpg,"Tk 9,898",Rajshahi
Xiaomi Redmi Note 5A Prime (Used),"Dhaka, Mobile Phones",https://i.bikroy-st.com/xiaomi-redmi-note-5a-prime-used-for-sale-dhaka-1002/896efe41-556d-4aef-9110-0b3a0590de69/142/107/cropped.jpg,"Tk 4,000",Dhaka
Symphony V130 (Used),"Sylhet, Mobile Phones",https://i.bikroy-st.com/china-mobile-symphony-v130-used-for-sale-sylhet/30be6566-2245-47fe-8b40-e6e100a63600/142/107/cropped.jpg,"Tk 1,200",Sylhet
Nokia 105 . (Used),"Dhaka, Mobile Phones",https://i.bikroy-st.com/nokia-105-used-for-sale-dhaka-3971/f023698a-1790-4b68-b4f0-45fe89aa3322/142/107/cropped.jpg,Tk 900,Dhaka
Samsung Galaxy M02 3 32 (Used),"Rangpur, Mobile Phones",https://i.bikroy-st.com/samsung-galaxy-m02-3-32-used-for-sale-rangpur-50/ee133055-bc1f-4206-8de8-fe7a6f196944/142/107/cropped.jpg,"Tk 3,700",Rangpur
Nokia .mobile (Used),"Rajshahi Division, Mobile Phones",https://i.bikroy-st.com/apple-iphone-15-pro-max-nokia-used-for-sale-rajshahi-division/195a0f34-4a55-4bc5-8516-779de442e344/142/107/cropped.jpg,Tk 999,Rajshahi Division
Xiaomi Redmi 9 4/64 indian (Used),"Rajshahi, Mobile Phones",https://i.bikroy-st.com/xiaomi-redmi-9-4-64-indian-used-for-sale-rajshahi-1/fb0cc264-0e73-4e6e-a3db-15846c76cbc2/142/107/cropped.jpg,"Tk 8,700",Rajshahi
Samsung Galaxy M51 . (Used),"Dhaka, Mobile Phones",https://i.bikroy-st.com/samsung-galaxy-m51-good-used-for-sale-dhaka-12/f9a442d4-f66d-4dd6-bb2a-167d4233ce5f/142/107/cropped.jpg,"Tk 9,000",Dhaka
Itel Vision 1 Pro . (Used),"Chattogram, Mobile Phones",https://i.bikroy-st.com/itel-vision-1-pro-shafawat-used-for-sale-chattogram/8096497a-221f-4cf3-893f-377dbbb3d0c5/142/107/cropped.jpg,"Tk 5,000",Chattogram
OnePlus 11R. (New),"Dhaka, Mobile Phones",https://i.bikroy-st.com/oneplus-10-pro-11r-new-for-sale-dhaka/5765d59e-1c70-4c14-aa14-6715368116f9/142/107/cropped.jpg,"Tk 51,500",Dhaka
Xiaomi Redmi Note 11 4/64 (Used),"Khulna Division, Mobile Phones",https://i.bikroy-st.com/xiaomi-redmi-note-11-4-64-used-for-sale-khulna-division-144/7f5aa661-6d4f-4fdc-b9da-dc3a09a63aeb/142/107/cropped.jpg,"Tk 14,800",Khulna Division
Rangs J6 Mobile (Used),"Rajshahi Division, Mobile Phones",https://i.bikroy-st.com/rangs-j6-onek-ager-used-for-sale-rajshahi-division/a3d22384-438b-45fa-8fa5-3029d9ca960d/142/107/cropped.jpg,Tk 450,Rajshahi Division
Itel A48 (Used),"Dhaka, Mobile Phones",https://i.bikroy-st.com/itel-a48-used-for-sale-dhaka-385/4e11a95a-c4db-468d-bfa3-b655c470d4ca/142/107/cropped.jpg,"Tk 6,200",Dhaka
Apple iPhone 6S 4G (Used),"Rajshahi Division, Mobile Phones",https://i.bikroy-st.com/apple-iphone-6s-4g-used-for-sale-rajshahi-division/979c371f-1106-44c6-9dbd-49a44ef3fa60/142/107/cropped.jpg,"Tk 9,000",Rajshahi Division
Realme X ‡ß¨/‡ß¨‡ß™‡¶ú‡¶ø‡¶¨‡¶ø POPUP SELFI (Used),"Khulna Division, Mobile Phones",https://i.bikroy-st.com/realme-x-6-64jibi-popup-selfi-used-for-sale-khulna-division/1ab76491-7de2-418c-8f4a-147da299d86b/142/107/cropped.jpg,"Tk 9,999",Khulna Division
Xiaomi Redmi Note 8 (Used),"Dhaka, Mobile Phones",https://i.bikroy-st.com/xiaomi-redmi-note-8-used-for-sale-dhaka-14024/6038b3ab-6a6f-4aaa-ac04-5a8b32352727/142/107/cropped.jpg,"Tk 9,000",Dhaka
Samsung Galaxy S22 Ultra 12/256GB Dual Sim (Used),"Dhaka, Mobile Phones",https://i.bikroy-st.com/samsung-galaxy-s22-ultra-12-256gb-dual-sim-used-for-sale-dhaka-16/e367cf94-8c76-4728-8b0f-5a24d500cd63/142/107/cropped.jpg,"Tk 68,000",Dhaka
Nokia G20 (New),"Dhaka, Mobile Phones",https://i.bikroy-st.com/nokia-g20-new-for-sale-dhaka-2/2b0f3f7b-7760-4efd-acb4-28ccbf6da5b9/142/107/cropped.jpg,"Tk 11,999",Dhaka
Realme 5i 4/64 GB (Used),"Dhaka, Mobile Phones",https://i.bikroy-st.com/realme-5i-4-64-gb-used-for-sale-dhaka-287/f5f6918f-4a3f-4ab2-998d-b7816261d618/142/107/cropped.jpg,"Tk 7,500",Dhaka
Apple iPhone XS (Used),"Dhaka, Mobile Phones",https://i.bikroy-st.com/apple-iphone-xs-used-for-sale-dhaka-3621/a33dad4d-b9d0-47e3-84d8-4b8cddb53813/142/107/cropped.jpg,"Tk 21,000",Dhaka
Apple iPhone 14 Pro Max 256 GB (Used),"Dhaka, Mobile Phones",https://i.bikroy-st.com/apple-iphone-14-pro-max-256-gb-used-for-sale-dhaka-48/7e6c7781-1c1d-46dd-91de-979f0280d97f/142/107/cropped.jpg,"Tk 92,000",Dhaka
Symphony .mobile (Used),"Dhaka, Mobile Phones",https://i.bikroy-st.com/symphony-used-for-sale-dhaka-9538/6ec0cb6e-19e9-40d2-89a1-ff26c94f8c5a/142/107/cropped.jpg,"Tk 2,500",Dhaka
Mango mobile . (Used),"Dhaka, Mobile Phones",https://i.bikroy-st.com/mango-maarkett-used-for-sale-dhaka/8b1db019-114e-40de-9339-7724ba4181a0/142/107/cropped.jpg,Tk 900,Dhaka
"Vivo Y20 , (Used)","Dhaka, Mobile Phones",https://i.bikroy-st.com/vivo-y20-used-for-sale-dhaka-4544/3ed19818-d780-4585-b8f9-9318c3bb1ba3/142/107/cropped.jpg,"Tk 8,000",Dhaka
OPPO A58 . (Used),"Dhaka, Mobile Phones",https://i.bikroy-st.com/oppo-a58-official-used-for-sale-dhaka-3/4fc1e26d-6dba-4ea0-a486-41c413b2e2aa/142/107/cropped.jpg,"Tk 17,000",Dhaka
Vivo Y20 . (Used),"Dhaka Division, Mobile Phones",https://i.bikroy-st.com/vivo-y20-2022-used-for-sale-dhaka-division-30/6f8faf2d-bb99-41ec-b4d0-6a0d60546dd3/142/107/cropped.jpg,"Tk 9,000",Dhaka Division
Samsung Galaxy A03S . (Used),"Rajshahi, Mobile Phones",https://i.bikroy-st.com/samsung-galaxy-a03s-used-for-sale-rajshahi-330/8db0c695-3401-40e7-a392-c2919972f504/142/107/cropped.jpg,"Tk 9,200",Rajshahi
Xiaomi Pocophone F1 . (Used),"Barishal, Mobile Phones",https://i.bikroy-st.com/xiaomi-pocophone-f1-used-for-sale-barishal-124/5e8e828f-ee73-4203-80b2-7b4279bbd83f/142/107/cropped.jpg,"Tk 9,500",Barishal
Lava V7 (Used),"Chattogram, Mobile Phones",https://i.bikroy-st.com/lava-v7-used-for-sale-chattogram-1/f130a3fe-8be0-4b86-915b-3d4e068857cb/142/107/cropped.jpg,"Tk 4,000",Chattogram
T800 Pro Max smart watch,"Sylhet, Wearables",https://i.bikroy-st.com/t800-pro-max-smart-watch-for-sale-sylhet/19a41cde-b575-4cf1-b5ed-7075036426dc/142/107/cropped.jpg,"Tk 2,000",Sylhet
Xiaomi Poco M3 (Used),"Dhaka Division, Mobile Phones",https://i.bikroy-st.com/xiaomi-poco-m3-used-for-sale-dhaka-division-1095/c5a587cf-4dbe-4713-bdc1-93222fe6c406/142/107/cropped.jpg,"Tk 8,000",Dhaka Division
Xiaomi Redmi 9 Power 4/64 . (Used),"Rajshahi, Mobile Phones",https://i.bikroy-st.com/xiaomi-redmi-9-power-4-64-gaming-phone-used-for-sale-rajshahi/33fec0b0-f694-477f-b867-d18b83dfe026/142/107/cropped.jpg,"Tk 9,990",Rajshahi
Motorola Moto razar v3i (Used),"Dhaka, Mobile Phones",https://i.bikroy-st.com/motorola-moto-razar-v3i-used-for-sale-dhaka/dbcbfa19-82aa-45cd-9c34-c7c6470a7903/142/107/cropped.jpg,"Tk 8,000",Dhaka
full box Carjer soho phone lagbe,"Rajshahi Division, Mobile Phones",,,Rajshahi Division
Vivo Y21 (Used),"Dhaka, Mobile Phones",https://i.bikroy-st.com/vivo-y21-used-for-sale-dhaka-3622/16cfacf4-52a0-4d85-8eea-c78356b865ed/142/107/cropped.jpg,"Tk 9,000",Dhaka
Vivo Y21 (Used),"Dhaka, Mobile Phones",https://i.bikroy-st.com/vivo-y21-used-for-sale-dhaka-3622/16cfacf4-52a0-4d85-8eea-c78356b865ed/142/107/cropped.jpg,"Tk 9,000",Dhaka
Samsung Adapter,"Dhaka, Mobile Phone Accessories",https://i.bikroy-st.com/samsung-adapter-for-sale-dhaka-15/6ee7910f-5054-42b4-a817-f8944519bc07/142/107/cropped.jpg,"Tk 1,400",Dhaka
"Nokia 105 , (Used)","Barishal, Mobile Phones",https://i.bikroy-st.com/nokia-105-used-used-for-sale-barishal-3/97c8007e-37a7-4333-9e95-467763a75d90/142/107/cropped.jpg,"Tk 1,200",Barishal
Apple iPhone 14 Plus BH100% 13Times Only (Used),"Dhaka, Mobile Phones",https://i.bikroy-st.com/apple-iphone-14-plus-bh100-percent-13times-only-used-for-sale-dhaka/c52ed975-4289-44da-9975-e3c6b7794e22/142/107/cropped.jpg,"Tk 75,500",Dhaka
Google Pixel 7 Pro 128GB (Used),"Chattogram, Mobile Phones",https://i.bikroy-st.com/google-pixel-7-pro-128gb-used-for-sale-chattogram-1/62912996-0b45-4d0a-a345-8964629ac4bb/142/107/cropped.jpg,"Tk 58,999",Chattogram
OPPO A58 . (Used),"Dhaka, Mobile Phones",https://i.bikroy-st.com/oppo-a58-official-used-for-sale-dhaka/2872b5ea-bcb5-417e-94e7-814e175a6f15/142/107/cropped.jpg,"Tk 17,500",Dhaka
Vivo Y1s 2/32gb . (Used),"Rajshahi, Mobile Phones",https://i.bikroy-st.com/vivo-y1s-2-32gb-used-for-sale-rajshahi-3/53d02ad3-4fbe-452e-b46c-8d548c4f8784/142/107/cropped.jpg,"Tk 4,999",Rajshahi
Samsung Galaxy A10 (Used),"Mymensingh, Mobile Phones",https://i.bikroy-st.com/samsung-galaxy-a10-used-for-sale-mymensingh-96/bdc59aae-0014-4b59-abe0-c8788fb08484/142/107/cropped.jpg,"Tk 3,500",Mymensingh
Apple iPhone 6 Mobile (Used),"Dhaka, Mobile Phones",https://i.bikroy-st.com/apple-iphone-6-iphon-used-for-sale-dhaka-59/c8569219-e4f0-439c-a6ea-00fd34362af7/142/107/cropped.jpg,"Tk 6,800",Dhaka
Samsung Galaxy A20 3/32 (Used),"Rajshahi Division, Mobile Phones",https://i.bikroy-st.com/samsung-galaxy-a20-3-32-used-for-sale-rajshahi-division-431/aa2052d8-59a0-4363-972a-1320d89a3367/142/107/cropped.jpg,"Tk 7,700",Rajshahi Division
Apple iPhone 12 Pro Max (128GB) BH 85 (Used),"Sylhet, Mobile Phones",https://i.bikroy-st.com/apple-iphone-12-pro-max-128gb-bh-85-used-for-sale-sylhet/f1850d9e-bdbc-443f-aa8c-367175e45462/142/107/cropped.jpg,"Tk 67,500",Sylhet
"OPPO A15 , (Used)","Khulna, Mobile Phones",https://i.bikroy-st.com/oppo-a15-2022-used-for-sale-khulna-23/033259ad-6cd7-4bdd-be4d-afb5f8376623/142/107/cropped.jpg,"Tk 6,000",Khulna
"Symphony , (Used)","Dhaka, Mobile Phones",https://i.bikroy-st.com/symphony-used-for-sale-dhaka-9537/0d73bbd4-3d0d-4cc1-af1c-930e50196236/142/107/cropped.jpg,"Tk 6,000",Dhaka
Nokia G10 4/64 (Used),"Rajshahi, Mobile Phones",https://i.bikroy-st.com/nokia-g10-4-64-phone-used-for-sale-rajshahi/72233395-dfa5-494c-a5d0-a8f34297e2b0/142/107/cropped.jpg,"Tk 8,500",Rajshahi
Xiaomi Redmi 10 2022 4/64. 4GB RAM (Used),"Chattogram, Mobile Phones",https://i.bikroy-st.com/xiaomi-redmi-10-2022-4-64-4gb-ram-used-for-sale-chattogram/33a4ac78-58e4-4ec1-a4ae-44448d3e8b62/142/107/cropped.jpg,"Tk 9,000",Chattogram
Realme 8 Pro (Used),"Barishal, Mobile Phones",https://i.bikroy-st.com/realme-8-pro-used-for-sale-barishal-112/054c178e-711d-4bb3-94ed-f2b9049f1bda/142/107/cropped.jpg,"Tk 19,500",Barishal
Walton Primo GH9 2020 (Used),"Rajshahi Division, Mobile Phones",https://i.bikroy-st.com/walton-primo-gh9-2020-used-for-sale-rajshahi-division/ac359448-0c52-4c7a-83b7-dcf160845deb/142/107/cropped.jpg,"Tk 4,300",Rajshahi Division
Samsung Galaxy M31 6/64 (Used),"Dhaka, Mobile Phones",https://i.bikroy-st.com/samsung-galaxy-m31-6-64-used-for-sale-dhaka-1125/8fdc51e1-c617-41c5-9178-186ebfc5d18a/142/107/cropped.jpg,"Tk 9,500",Dhaka
Apple iPhone 11 Pro Max 256GB BH93% USA (Used),"Dhaka, Mobile Phones",https://i.bikroy-st.com/apple-iphone-11-pro-max-256gb-bh93-percent-usa-used-for-sale-dhaka/6132ae3d-d01c-4b5b-9f8a-b1476d1023bb/142/107/cropped.jpg,"Tk 56,000",Dhaka
Infinix Smart 6 Ram 3+64go (Used),"Dhaka Division, Mobile Phones",https://i.bikroy-st.com/infinix-smart-6-ram-364go-used-for-sale-dhaka-division/7bc09dac-344e-4ef4-be51-e78d5f9f0b3a/142/107/cropped.jpg,"Tk 6,200",Dhaka Division
Vivo V23e . (Used),"Dhaka, Mobile Phones",https://i.bikroy-st.com/vivo-v23e-2022-used-for-sale-dhaka-41/275b44ea-cd13-433c-95fa-cce64a6a1318/142/107/cropped.jpg,"Tk 18,000",Dhaka
Google Pixel 4a 5g 6/128 SD765 dual (Used),"Dhaka, Mobile Phones",https://i.bikroy-st.com/google-pixel-4a-5g-6-128-sd765-dual-used-for-sale-dhaka/62d1d0c8-c02f-4113-8ed5-5225b85d6905/142/107/cropped.jpg,"Tk 14,999",Dhaka
"Samsung Galaxy A20 , (Used)","Dhaka, Mobile Phones",https://i.bikroy-st.com/samsung-galaxy-a20-used-for-sale-dhaka-5856/b2b6e030-4642-4810-8e65-cac833a96c88/142/107/cropped.jpg,"Tk 5,500",Dhaka
Xiaomi Redmi Note 9 4/64 (Used),"Dhaka, Mobile Phones",https://i.bikroy-st.com/xiaomi-redmi-note-9-4-64-used-for-sale-dhaka-1855/a9ebce1a-3a2a-4392-8fa9-3f11477e7ac1/142/107/cropped.jpg,"Tk 7,500",Dhaka
Symphony Z45 4_64 (Used),"Dhaka, Mobile Phones",https://i.bikroy-st.com/symphony-z45-4-64-used-for-sale-dhaka-25/e0e15cd0-3b4c-42dc-bce9-52bd24973dab/142/107/cropped.jpg,"Tk 7,000",Dhaka
Samsung Galaxy F23 . (Used),"Dhaka, Mobile Phones",https://i.bikroy-st.com/samsung-galaxy-f23-new-used-for-sale-dhaka-17/82c2ec7c-7e2e-4442-90a7-6de5c272806e/142/107/cropped.jpg,"Tk 17,000",Dhaka
Geo T19 . (Used),"Dhaka, Mobile Phones",https://i.bikroy-st.com/geo-t19-jio-phon-4ji-used-for-sale-dhaka/0903f475-9a4e-4072-a367-7f7bc01b823e/142/107/cropped.jpg,"Tk 1,200",Dhaka
Xiaomi Redmi Note 8 4/64 (Used),"Dhaka, Mobile Phones",https://i.bikroy-st.com/xiaomi-redmi-note-8-4-64-used-for-sale-dhaka-7925/a392c007-fd9e-49ba-96bf-9250f5b75b35/142/107/cropped.jpg,"Tk 6,000",Dhaka
Samsung Galaxy J2 (Used),"Chattogram, Mobile Phones",https://i.bikroy-st.com/samsung-galaxy-j2-used-for-sale-chattogram-2118/0a9c41aa-1c62-410e-bf75-40c9962cde9a/142/107/cropped.jpg,"Tk 2,000",Chattogram
Samsung Galaxy A12 Official(4-64) (Used),"Dhaka Division, Mobile Phones",https://i.bikroy-st.com/samsung-galaxy-a12-official4-64-used-for-sale-dhaka-division/ab3bb073-2782-4954-9ac0-01e23e1053db/142/107/cropped.jpg,"Tk 8,000",Dhaka Division
ORAIMO 10000 MAH POWERBANK,"Rangpur, Mobile Phone Accessories",https://i.bikroy-st.com/oraimo-10000-mah-powerbank-for-sale-rangpur/8210d959-9cc9-45e0-bf2e-2e2097497562/142/107/cropped.jpg,Tk 750,Rangpur
Samsung Galaxy S21 5g 8/128 SD888 dual (Used),"Dhaka, Mobile Phones",https://i.bikroy-st.com/samsung-galaxy-s21-5g-8-128-sd888-dual-used-for-sale-dhaka-22/8441e3df-058f-4931-92bd-d644ff5f24b5/142/107/cropped.jpg,"Tk 27,500",Dhaka
Xiaomi Poco M2 Pro . (Used),"Dhaka, Mobile Phones",https://i.bikroy-st.com/xiaomi-poco-m2-pro-valo-used-for-sale-dhaka-5/9c8e065d-004e-43d4-b7ef-ed01b2a13aed/142/107/cropped.jpg,"Tk 9,989",Dhaka
Samsung Galaxy J4 2gb 32gb (Used),"Dhaka, Mobile Phones",https://i.bikroy-st.com/samsung-galaxy-j4-2gb-ram-32gb-rom-used-for-sale-dhaka-8/c34fd594-0ceb-4ea5-b96c-96526318337e/142/107/cropped.jpg,"Tk 2,600",Dhaka
Vivo Y83 4GB Ram (Used),"Dhaka, Mobile Phones",https://i.bikroy-st.com/vivo-y83-4gb-ram-used-for-sale-dhaka-1/df11ee78-d61b-45b6-a225-8826bd691c54/142/107/cropped.jpg,"Tk 5,499",Dhaka
Xiaomi Redmi 10 Prime 4GB + 64GB (Used),"Dhaka, Mobile Phones",https://i.bikroy-st.com/xiaomi-redmi-10-prime-ram-4gb-room-64gb-used-for-sale-dhaka/b57ba420-429f-4f95-af4e-5e80af593c65/142/107/cropped.jpg,"Tk 9,500",Dhaka
Realme C31 4gb 64gb (Used),"Dhaka Division, Mobile Phones",https://i.bikroy-st.com/realme-c31-4gb-64gb-md-sabbir-used-for-sale-dhaka-division/904c342c-f411-458e-a02b-c953d2cfe22b/142/107/cropped.jpg,"Tk 9,019",Dhaka Division
Microsoft Lumia 540 1/8 GB (Used),"Dhaka, Mobile Phones",https://i.bikroy-st.com/microsoft-lumia-540-1-8-used-for-sale-dhaka-4/85049308-8474-4dc2-8582-d4bce4b5ae6b/142/107/cropped.jpg,"Tk 3,500",Dhaka
Apple iPhone 12 Pro Max (Used),"Chattogram, Mobile Phones",https://i.bikroy-st.com/apple-iphone-12-pro-max-used-for-sale-chattogram-452/ee0f794e-456c-49cf-b68f-7e2a5c6bc8be/142/107/cropped.jpg,"Tk 77,999",Chattogram
"Samsung Galaxy S8 Plus , (Used)","Mymensingh, Mobile Phones",https://i.bikroy-st.com/samsung-galaxy-s8-plus-full-fresh-no-prblm-used-for-sale-mymensingh/b422f45e-74b7-460d-b8bc-07b4a6c113c0/142/107/cropped.jpg,"Tk 18,000",Mymensingh
Vivo S1 8/128 (Used),"Dhaka, Mobile Phones",https://i.bikroy-st.com/vivo-s1-8-128-used-for-sale-dhaka-23/f68114b1-bd9f-4aee-92d4-dc4f6205a865/142/107/cropped.jpg,"Tk 9,800",Dhaka
Samsung Galaxy J6 Plus (Used),"Mymensingh, Mobile Phones",https://i.bikroy-st.com/samsung-galaxy-j6-plus-used-for-sale-mymensingh-30/428d8aa9-8a8c-4eb5-922e-a51464653798/142/107/cropped.jpg,"Tk 4,000",Mymensingh
Itel Vision 1 Pro . (Used),"Dhaka, Mobile Phones",https://i.bikroy-st.com/itel-vision-1-pro-new-phon-kinbo-tai-used-for-sale-dhaka/122075be-148e-4221-ac9b-26a1ac6c90f3/142/107/cropped.jpg,"Tk 4,000",Dhaka
Xiaomi Redmi Note 9 Pro . (Used),"Chattogram Division, Mobile Phones",https://i.bikroy-st.com/xiaomi-redmi-note-9-pro-used-for-sale-chattogram-division-351/dbe6e03e-b1d9-4778-b71f-00a5b8852b46/142/107/cropped.jpg,"Tk 13,300",Chattogram Division
Samsung Guru Music 2 . (Used),"Rajshahi Division, Mobile Phones",https://i.bikroy-st.com/samsung-guru-music-2-2021-used-for-sale-rajshahi-division-46/8419842d-95c3-42f3-be48-9af91b24a83e/142/107/cropped.jpg,"Tk 1,450",Rajshahi Division
Samsung Galaxy M11 (Used),"Chattogram, Mobile Phones",https://i.bikroy-st.com/samsung-galaxy-m11-used-for-sale-chattogram-106/59476e4c-d461-49c3-a209-a2ef76f3c426/142/107/cropped.jpg,"Tk 6,500",Chattogram
Huawei Nova 3e . (Used),"Dhaka, Mobile Phones",https://i.bikroy-st.com/huawei-nova-3e-used-for-sale-dhaka-2194/f491235a-a1d3-4d5f-8533-ed3493a690df/142/107/cropped.jpg,"Tk 8,500",Dhaka
REMAX 20000 POWERBANK,"Rangpur, Mobile Phone Accessories",https://i.bikroy-st.com/remax-20000-powerbank-for-sale-rangpur/f8c2f091-4cd8-499c-813f-438825a12503/142/107/cropped.jpg,"Tk 1,000",Rangpur
Infinix smart 7 (Used),"Khulna, Mobile Phones",https://i.bikroy-st.com/china-mobile-infinix-smart-7-used-for-sale-khulna/cf023a7f-9c59-4c72-b143-3de9e71b94f8/142/107/cropped.jpg,"Tk 8,000",Khulna
Watch And Fitness,"Dhaka, Wearables",https://i.bikroy-st.com/watch-and-fitness-for-sale-dhaka/0a4102c5-1b2e-45a7-a504-8c6fde97ec78/142/107/cropped.jpg,"Tk 1,600",Dhaka
30w fast charger,"Dhaka, Mobile Phone Accessories",https://i.bikroy-st.com/30w-fast-charger-for-sale-dhaka-1/e742809a-9e46-4979-b365-1dd4d9b4e1a9/142/107/cropped.jpg,"Tk 1,000",Dhaka
Samsung Galaxy S21 FE 5G 6/128 (Used),"Chattogram Division, Mobile Phones",https://i.bikroy-st.com/samsung-galaxy-s21-fe-5g-6-128-used-for-sale-chattogram-division-5/c056fc2b-79bb-4d6d-84b6-7ef19493b463/142/107/cropped.jpg,"Tk 23,500",Chattogram Division
Samsung Galaxy J7 Prime 3/32 (Used),"Dhaka, Mobile Phones",https://i.bikroy-st.com/samsung-galaxy-j7-prime-3-32-used-for-sale-dhaka-1254/f367e1dc-b332-4a9e-9f16-9235a55cbfef/142/107/cropped.jpg,"Tk 4,500",Dhaka
Samsung galaxy a34 5g (Used),"Dhaka, Mobile Phones",https://i.bikroy-st.com/samsung-galaxy-a3-a34-5g-used-for-sale-dhaka-1/5edf3766-0fdd-4cc5-8277-72230c28b22c/142/107/cropped.jpg,"Tk 38,000",Dhaka
Samsung Galaxy M02 . (Used),"Dhaka, Mobile Phones",https://i.bikroy-st.com/samsung-galaxy-m02-14y-used-for-sale-dhaka/318d1daf-e043-409c-8042-af6eba72b797/142/107/cropped.jpg,"Tk 2,500",Dhaka
Iphone 12 Original Battery Lagbe,"Rajshahi Division, Mobile Phone Accessories",,,Rajshahi Division
Apple iPhone 11 64GB (Used),"Chattogram, Mobile Phones",https://i.bikroy-st.com/apple-iphone-11-64gb-used-for-sale-chattogram-127/965f4a53-f7a5-46c9-a26a-4998bc69fd9e/142/107/cropped.jpg,"Tk 38,999",Chattogram
Tecno Spark 10 5g 8/128gb (Used),"Rajshahi, Mobile Phones",https://i.bikroy-st.com/tecno-spark-10-5g-8-128gb-used-for-sale-rajshahi-1/d18b6150-c58b-4888-a13f-8f6575383020/142/107/cropped.jpg,"Tk 9,999",Rajshahi
"Walton S8 mini , (Used)","Rajshahi, Mobile Phones",https://i.bikroy-st.com/walton-s8-mini-wolton-used-for-sale-rajshahi/2e95a311-75d6-494a-a42b-9c2823a9c893/142/107/cropped.jpg,"Tk 8,000",Rajshahi
iPhone need,"Khulna, Mobile Phones",,,Khulna
Xiaomi Redmi 9 Power (Used),"Khulna, Mobile Phones",https://i.bikroy-st.com/xiaomi-redmi-9-power-used-for-sale-khulna-279/46714d8c-608a-46d5-a320-a8f0ba83c9fa/142/107/cropped.jpg,"Tk 8,000",Khulna
Vivo Y02 . (Used),"Dhaka Division, Mobile Phones",https://i.bikroy-st.com/vivo-y02-y02a-used-for-sale-dhaka-division-3/e82c33aa-347a-4e3c-9ab6-4066d27b9324/142/107/cropped.jpg,"Tk 7,000",Dhaka Division
Apple iPhone 12 (Used),"Dhaka, Mobile Phones",https://i.bikroy-st.com/apple-iphone-12-used-for-sale-dhaka-1781/411ddfd0-2ab3-431e-911c-bc40e316c026/142/107/cropped.jpg,"Tk 50,000",Dhaka
Xiaomi Poco X3 Pro 6/128gb (Used),"Rajshahi, Mobile Phones",https://i.bikroy-st.com/xiaomi-poco-x3-pro-6-128gb-indian-phone-used-for-sale-rajshahi-1/abed1b0e-9402-4d3c-a49e-e839b6bd3dc8/142/107/cropped.jpg,"Tk 9,999",Rajshahi
Samsung Galaxy J7 2/16 (Used),"Dhaka, Mobile Phones",https://i.bikroy-st.com/samsung-galaxy-j7-2-16-used-for-sale-dhaka-1314/cd92a15d-ada7-41eb-8318-2351d4e0b4d1/142/107/cropped.jpg,"Tk 2,200",Dhaka
Samsung Galaxy M31 Good (Used),"Dhaka, Mobile Phones",https://i.bikroy-st.com/samsung-galaxy-m31-good-used-for-sale-dhaka-19/0a8d063b-6941-4e6e-bfb3-13374803bea3/142/107/cropped.jpg,"Tk 9,999",Dhaka
Samsung Galaxy J7 Prime 3/32 (Used),"Rajshahi, Mobile Phones",https://i.bikroy-st.com/samsung-galaxy-j7-prime-3-32-used-for-sale-rajshahi-168/9818f198-6426-4d22-be85-3f3b3a609579/142/107/cropped.jpg,"Tk 5,200",Rajshahi
Vivo S1 Pro (Used),"Chattogram Division, Mobile Phones",https://i.bikroy-st.com/vivo-s1-pro-used-for-sale-chattogram-division-128/700fc2c9-94be-4a8f-b6d9-1349beffdf32/142/107/cropped.jpg,"Tk 9,000",Chattogram Division
Realme c55 (Used),"Chattogram Division, Mobile Phones",https://i.bikroy-st.com/realme-c55-used-for-sale-chattogram-division-38/9d05f599-9a1b-4d45-b941-0a231b21a2f7/142/107/cropped.jpg,"Tk 16,000",Chattogram Division
Samsung Galaxy S6 Edge 3/32 (Used),"Dhaka, Mobile Phones",https://i.bikroy-st.com/samsung-galaxy-s6-edge-3-32-used-for-sale-dhaka-450/35e050eb-89ec-4a24-a49e-986e31b71e06/142/107/cropped.jpg,"Tk 4,500",Dhaka
Xiaomi Redmi Note 10 4/64gb (Used),"Dhaka, Mobile Phones",https://i.bikroy-st.com/xiaomi-redmi-note-10-4-64gb-used-for-sale-dhaka-152/1ed16d75-a7d7-40bf-a7e4-16644480a633/142/107/cropped.jpg,"Tk 1,300",Dhaka
iPhone 14pro Max Charger,"Dhaka, Mobile Phone Accessories",https://i.bikroy-st.com/iphone-14pro-max-charger-for-sale-dhaka-1/3361d4ee-2422-4376-8fda-9d9ea5daebb5/142/107/cropped.jpg,"Tk 1,349",Dhaka
Xiaomi Mi Play (Used),"Chattogram, Mobile Phones",https://i.bikroy-st.com/xiaomi-mi-play-used-for-sale-chattogram-74/d7ce8a5b-69fb-4ff8-850e-632e9f7abb6e/142/107/cropped.jpg,"Tk 8,000",Chattogram
Vivo Y85 (Used),"Dhaka, Mobile Phones",https://i.bikroy-st.com/vivo-y85-used-for-sale-dhaka-705/02cfba21-c34a-4535-bed8-6d55986efb88/142/107/cropped.jpg,"Tk 7,800",Dhaka
Google Pixel 6 Pro 12/256 (Used),"Dhaka, Mobile Phones",https://i.bikroy-st.com/google-pixel-6-pro-12-256-used-for-sale-dhaka-41/b09ee49d-fcc3-416b-8d1c-5220f17ac190/142/107/cropped.jpg,"Tk 45,000",Dhaka
Symphony i75 Mobile (Used),"Khulna, Mobile Phones",https://i.bikroy-st.com/symphony-i75-bhaal-used-for-sale-khulna/3101902f-cc39-402c-a49d-89cfa197a0e6/142/107/cropped.jpg,"Tk 2,000",Khulna
Samsung Galaxy M62 (Used),"Dhaka, Mobile Phones",https://i.bikroy-st.com/samsung-galaxy-m62-used-for-sale-dhaka-371/d2821488-c5c1-4f7e-a7d5-cba99c29b6cd/142/107/cropped.jpg,"Tk 8,000",Dhaka
Apple iPhone 12 Pro 128 gb (Used),"Khulna, Mobile Phones",https://i.bikroy-st.com/apple-iphone-12-pro-128-gb-used-for-sale-khulna-21/7a6d1429-9daf-4370-ac0f-d6c3d83248b1/142/107/cropped.jpg,"Tk 63,000",Khulna
Samsung Galaxy A12 ram4 Rom64 (Used),"Dhaka, Mobile Phones",https://i.bikroy-st.com/samsung-galaxy-a12-ram4-rom64-used-for-sale-dhaka-5/5c00795c-1859-4b12-8e76-ee9f07116cbc/142/107/cropped.jpg,"Tk 8,500",Dhaka
Realme 6 (Used),"Dhaka, Mobile Phones",https://i.bikroy-st.com/realme-6-used-for-sale-dhaka-1453/1bee09b3-472b-427a-82f1-ffb988239845/142/107/cropped.jpg,"Tk 9,500",Dhaka
Apple iPhone 14 Pro Max 256 gb (Used),"Khulna, Mobile Phones",https://i.bikroy-st.com/apple-iphone-14-pro-max-256-gb-used-for-sale-khulna-7/4688b3e5-c0fb-4d59-bb7b-8f5f0b943e00/142/107/cropped.jpg,"Tk 123,000",Khulna
Walton Primo GH9 3/32 (Used),"Dhaka, Mobile Phone Accessories",https://i.bikroy-st.com/walton-primo-gh9-3-32-used-for-sale-dhaka-1/ffed59f1-a3c5-4b98-ae7b-4656107ba093/142/107/cropped.jpg,"Tk 2,300",Dhaka
OPPO A12 4+64GB (Used),"Barishal Division, Mobile Phones",https://i.bikroy-st.com/oppo-a12-464gb-used-for-sale-barishal-division/2891ea81-d929-4d08-a900-6d03d7b2e913/142/107/cropped.jpg,"Tk 7,000",Barishal Division
OnePlus 11r. 16/256gb (Used),"Dhaka, Mobile Phones",https://i.bikroy-st.com/oneplus-11r-16-256gb-used-for-sale-dhaka-4/7219ba5d-75c8-4173-b35b-5ae275690fea/142/107/cropped.jpg,"Tk 42,500",Dhaka
Xiaomi Poco X3 Pro 8/128 (Used),"Rajshahi, Mobile Phones",https://i.bikroy-st.com/xiaomi-poco-x3-pro-8-128-used-for-sale-rajshahi-145/0d06d07d-c194-4e11-ae23-b2a7832d344c/142/107/cropped.jpg,"Tk 7,000",Rajshahi
4 ‡¶ü‡¶ø ‡¶™‡ßç‡¶∞‡¶°‡¶æ‡¶ï‡ßç‡¶ü ‡¶è‡¶ï‡¶∏‡¶æ‡¶•‡ßá ‡¶∏‡ßá‡¶≤ ‡¶ï‡¶∞‡¶¨‡ßã ‡¶ï‡¶Æ ‡¶¶‡¶æ‡¶Æ‡ßá,"Dhaka, Wearables",https://i.bikroy-st.com/4-tti-prddaaktt-eksaathe-sel-krbo-km-daame-for-sale-dhaka/e2d29017-1311-4c79-a2f3-845fab465e47/142/107/cropped.jpg,"Tk 1,800",Dhaka
Infinix Hot 11 Play 4GB RAM 64 ROM (Used),"Dhaka, Mobile Phones",https://i.bikroy-st.com/infinix-hot-11-play-4gb-ram-64-rom-used-for-sale-dhaka-4/5bd6d2fa-a4bf-466d-9c5d-b5ce990d98c5/142/107/cropped.jpg,"Tk 6,500",Dhaka
Xiaomi Redmi Note 8 . (Used),"Rajshahi, Mobile Phones",https://i.bikroy-st.com/xiaomi-redmi-note-8-aache-used-for-sale-rajshahi/1459dabe-49a2-4f6c-bc7c-6758ac2ad1a7/142/107/cropped.jpg,"Tk 9,000",Rajshahi
OPPO A7 (4+64). (Used),"Dhaka, Mobile Phones",https://i.bikroy-st.com/oppo-a7-4644230mah-finger-used-for-sale-dhaka/b85aeb5f-3695-4783-8059-4237079026c1/142/107/cropped.jpg,"Tk 6,900",Dhaka
Itel Mobile (Used),"Chattogram Division, Mobile Phones",https://i.bikroy-st.com/oneplus-nord-ce-5g-8-128-used-for-sale-chattogram-division-29/a512c4ac-f1d7-4bbc-91d3-8dfe6310fb4e/142/107/cropped.jpg,"Tk 4,000",Chattogram Division
Xiaomi Redmi Note 4X (Used),"Dhaka, Mobile Phones",https://i.bikroy-st.com/xiaomi-redmi-note-4x-used-for-sale-dhaka-9362/e910efbb-2b04-4fe4-9caf-a2817de85465/142/107/cropped.jpg,"Tk 3,500",Dhaka
Apple iPhone 13 128gb (Used),"Dhaka, Mobile Phones",https://i.bikroy-st.com/apple-iphone-13-128gb-used-for-sale-dhaka-285/f6cee6f7-f8d2-40b1-85da-2e698de44cbc/142/107/cropped.jpg,"Tk 61,000",Dhaka
Huawei Mate 30 Pro. 8/256gb (Used),"Dhaka, Mobile Phones",https://i.bikroy-st.com/huawei-mate-30-pro-8-256gb-used-for-sale-dhaka-66/ebcd7ad7-ce90-4c24-8dac-568439624a2e/142/107/cropped.jpg,"Tk 39,000",Dhaka
Xiaomi Redmi Note 8 . (Used),"Dhaka, Mobile Phones",https://i.bikroy-st.com/xiaomi-redmi-note-8-used-for-sale-dhaka-14022/454d4646-6d9a-4a9a-a4b8-8b50ee55491e/142/107/cropped.jpg,"Tk 9,500",Dhaka
Xiaomi Redmi 10 4/64 (Used),"Dhaka Division, Mobile Phones",https://i.bikroy-st.com/xiaomi-redmi-10-redme-4-64-used-for-sale-dhaka-division/2d6783fd-c93e-412a-8ade-d03bdb071a55/142/107/cropped.jpg,"Tk 11,000",Dhaka Division
Vivo Y11 (Used),"Chattogram Division, Mobile Phones",https://i.bikroy-st.com/vivo-y11-used-for-sale-chattogram-division-438/a3908b9c-baf6-4113-b3b0-75a63e3ad270/142/107/cropped.jpg,"Tk 6,000",Chattogram Division
OPPO F19 Pro 8+128 GB ùï†ùïúùïú (Used),"Dhaka Division, Mobile Phones",https://i.bikroy-st.com/oppo-f19-pro-8128-gb-used-for-sale-dhaka-division-2/15d5902b-2437-4203-b6a2-67118644239b/142/107/cropped.jpg,"Tk 16,499",Dhaka Division
"Samsung Galaxy A5 , (Used)","Dhaka, Mobile Phones",https://i.bikroy-st.com/samsung-galaxy-a5-2017-used-for-sale-dhaka-893/0849be6b-ebcc-44f2-a390-1d40025e6309/142/107/cropped.jpg,"Tk 6,500",Dhaka
iPhone XS Max Battery,"Dhaka, Mobile Phone Accessories",https://i.bikroy-st.com/iphone-xs-max-battery-for-sale-dhaka-2/0b158c71-e0bc-4618-81d7-2aec3db5054b/142/107/cropped.jpg,Tk 650,Dhaka
Samsung Galaxy A73 8/128gb (Used),"Dhaka, Mobile Phones",https://i.bikroy-st.com/samsung-galaxy-a73-8-128gb-used-for-sale-dhaka-9/c591ed74-bb76-4cef-a86a-3e603aa17f9b/142/107/cropped.jpg,"Tk 37,000",Dhaka
Symphony i80 (Used),"Dhaka, Mobile Phones",https://i.bikroy-st.com/symphony-i80-used-for-sale-dhaka-52/3f79ce6f-07df-42b8-bb78-2ba2eeeff859/142/107/cropped.jpg,"Tk 6,000",Dhaka
Xiaomi Note 12 Pro 4G 8/256 (Used),"Dhaka, Mobile Phones",https://i.bikroy-st.com/xiaomi-note-12-pro-4g-8-256-used-for-sale-dhaka-1/f7e8d8f5-9825-4da3-a438-e2c0aa500708/142/107/cropped.jpg,"Tk 24,500",Dhaka
OPPO A15 3/32 (Used),"Barishal, Mobile Phones",https://i.bikroy-st.com/oppo-a15-3-32-used-for-sale-barishal-68/6e918b24-06a4-40e0-b240-2d290d7d959a/142/107/cropped.jpg,"Tk 7,600",Barishal
Xiaomi Redmi Note 10s 6/128gb (Used),"Rajshahi, Mobile Phones",https://i.bikroy-st.com/xiaomi-redmi-note-10s-6-128gb-indian-phone-used-for-sale-rajshahi/ca26571a-21e8-4497-98ed-d8ad1be2fccf/142/107/cropped.jpg,"Tk 8,500",Rajshahi
Apple iPhone 11 128gb . (Used),"Chattogram, Mobile Phones",https://i.bikroy-st.com/apple-iphone-11-128gb-used-for-sale-chattogram-214/e194e092-887b-4af0-a624-89cf1e95a836/142/107/cropped.jpg,"Tk 44,999",Chattogram
Xiaomi Redmi Note 11 8/128 (Used),"Dhaka Division, Mobile Phones",https://i.bikroy-st.com/xiaomi-redmi-note-11-8-128-used-for-sale-dhaka-division-139/42cd5bae-eae1-4a6f-bc56-20ed233068e9/142/107/cropped.jpg,"Tk 9,800",Dhaka Division
Xiaomi Mi A1 2022 (Used),"Khulna, Mobile Phones",https://i.bikroy-st.com/xiaomi-mi-a1-2022-used-for-sale-khulna/28a2e9b2-3d9a-4735-862c-344cd6aa5d50/142/107/cropped.jpg,"Tk 6,500",Khulna
Samsung button phone (Used),"Khulna, Mobile Phones",https://i.bikroy-st.com/samsung-used-for-sale-khulna-1138/ceead84e-54dc-4a6d-90cd-a0e40483af39/142/107/cropped.jpg,"Tk 1,200",Khulna
Vivo 44 watt flash Charger,"Dhaka, Mobile Phone Accessories",https://i.bikroy-st.com/vivo-44-watt-flash-charger-for-sale-dhaka/58745228-810f-49dd-80af-a756789fefdd/142/107/cropped.jpg,"Tk 1,800",Dhaka
Xiaomi Redmi 11 prime 6gb 128gb (Used),"Rajshahi, Mobile Phones",https://i.bikroy-st.com/xiaomi-redmi-11-prime-6gb-128gb-used-for-sale-rajshahi-1/53c35266-8b88-4e08-b63d-043fbc176439/142/107/cropped.jpg,"Tk 9,999",Rajshahi
Tecno Camon I (Used),"Dhaka, Mobile Phones",https://i.bikroy-st.com/tecno-camon-i-used-for-sale-dhaka-890/ccc92cc0-eb64-42cb-a25b-673336f5d547/142/107/cropped.jpg,"Tk 5,500",Dhaka
Realme C31 . (Used),"Dhaka, Mobile Phones",https://i.bikroy-st.com/realme-c31-used-for-sale-dhaka-550/6c62b816-6d30-4b1d-ab29-4d6b63258858/142/107/cropped.jpg,"Tk 9,500",Dhaka
Samsung Galaxy A50 4/64 GB (Used),"Khulna Division, Mobile Phones",https://i.bikroy-st.com/samsung-galaxy-a50-4-64-gb-used-for-sale-khulna-division-9/ed0050cb-8182-47a7-965c-4b0cb08d3b3f/142/107/cropped.jpg,"Tk 9,999",Khulna Division
Symphony L136 with charger (Used),"Dhaka, Mobile Phones",https://i.bikroy-st.com/symphony-l136-with-charger-used-for-sale-dhaka-1/7baeb6f0-35aa-4489-a52c-001a65d4f163/142/107/cropped.jpg,Tk 999,Dhaka
Huawei Nova 2i . (Used),"Dhaka, Mobile Phones",https://i.bikroy-st.com/huawei-nova-2i-2019-used-for-sale-dhaka-67/ffde8abe-1665-494e-9a4c-883340e6e0a0/142/107/cropped.jpg,"Tk 7,000",Dhaka
Infinix Note 10 6/128 (Used),"Dhaka, Mobile Phones",https://i.bikroy-st.com/infinix-note-10-6-128-sale-and-exchange-used-for-sale-dhaka/1b0ab3e9-5bc9-489a-9888-8d8ab95c5ff1/142/107/cropped.jpg,"Tk 9,500",Dhaka
Realme GT Neo2 8+128 . (Used),"Dhaka, Mobile Phones",https://i.bikroy-st.com/realme-gt-neo2-8128-used-for-sale-dhaka-16/457eff53-cbb1-422e-874a-6a75cf3dce69/142/107/cropped.jpg,"Tk 28,000",Dhaka
Samsung Galaxy A02 2/16 (Used),"Rajshahi, Mobile Phones",https://i.bikroy-st.com/samsung-galaxy-a02-2-16-used-for-sale-rajshahi/9aacbbd0-526c-457d-815a-405d8413a42e/142/107/cropped.jpg,"Tk 3,599",Rajshahi
"OnePlus 5T , (Used)","Dhaka, Mobile Phones",https://i.bikroy-st.com/oneplus-5t-aanpelaach-mobaail-used-for-sale-dhaka/c9366a31-2845-4bcc-967d-0c69da726140/142/107/cropped.jpg,"Tk 8,500",Dhaka
‡¶Æ‡ßã‡¶¨‡¶æ‡¶á‡¶≤ ‡¶ï‡¶ø‡¶®‡¶§‡ßá ‡¶ö‡¶æ‡¶á,"Rajshahi Division, Mobile Phones",,,Rajshahi Division
OPPO F1s 4GB/64Gb-full-box (Used),"Barishal, Mobile Phones",https://i.bikroy-st.com/oppo-f1s-4gb-64gb-full-box-used-for-sale-barishal-12/66100543-d258-4df5-9889-ed8956a3d81e/142/107/cropped.jpg,"Tk 4,850",Barishal
Samsung Galaxy A20 3/32 (Used),"Rangpur, Mobile Phones",https://i.bikroy-st.com/samsung-galaxy-a20-3-32-used-for-sale-rangpur-177/7f8dac92-7ab9-4094-839e-fb71d37b45b3/142/107/cropped.jpg,"Tk 5,500",Rangpur
Xiaomi Mi 3 Mobile (Used),"Chattogram, Mobile Phones",https://i.bikroy-st.com/xiaomi-mi-3-1-used-for-sale-chattogram/fca83f10-b29d-4439-9f23-067697a1b873/142/107/cropped.jpg,"Tk 2,300",Chattogram
Samsung Galaxy A50s (Used),"Dhaka, Mobile Phones",https://i.bikroy-st.com/samsung-galaxy-a50s-used-for-sale-dhaka-1332/28e3b2fd-0df2-448a-ac4f-2ad3464aac0d/142/107/cropped.jpg,"Tk 14,500",Dhaka
Robi Noor sim card,"Dhaka, SIM Cards",https://i.bikroy-st.com/robi-noor-sim-card-for-sale-dhaka/20191767-931b-462e-affe-7b483d362a20/142/107/cropped.jpg,"Tk 1,500",Dhaka
